{
  "$schema": "https://docs.siyuan-note.club/schemas/manifest/plugin.schema.json",
  "name": "siyuan-ai-assistant",
  "author": "DUZSSY",
  "url": "https://github.com/DUZSSY/siyuan-ai-assistant",
  "version": "0.1.5.1",
  "minAppVersion": "3.5.3",
  "disabledInPublish": true,
  "backends": ["windows", "linux", "darwin", "docker"],
  "frontends": ["desktop", "browser-desktop", "desktop-window"],
  "displayName": {
    "default": "AI Assistant",
    "zh_CN": "AI助手"
  },
  "description": {
    "default": "Block-level AI text editing plugin for SiYuan Note. Select text and edit with one click using OpenAI, Ollama, DeepSeek, etc.",
    "zh_CN": "专注于文本块级 AI 编辑的思源笔记插件。选中文本即可一键润色、翻译、总结，支持OpenAI、Ollama、DeepSeek等多种AI提供商"
  },
  "readme": {
    "default": "README.md",
    "zh_CN": "README_zh_CN.md"
  },
  "funding": {
    "openCollective": "",
    "patreon": "",
    "github": "",
    "custom": []
  },
  "keywords": [
    "ai",
    "assistant",
    "ollama",
    "openai",
    "deepseek",
    "chatgpt",
    "translation",
    "polish",
    "summarize",
    "text-editing",
    "block-level",
    "智能助手",
    "文本编辑"
  ]
}
